Name,Email,Address,Phone number,Comments
Johnny Le,chad75@gmail.com,"29895 Kelly Freeway
Gomezville, MN 91567",001-277-659-3650x0445,-
Thomas Olsen,wallacejack@gmail.com,"14069 Bradley Branch
North Russell, VT 08242",(425)870-4489,-
Matthew Ware,garnerregina@gmail.com,"62195 Thompson Junctions
New Reginald, GA 69638",001-777-365-9364x458,-
Luis Rogers,edgar45@hotmail.com,"9046 Brown Springs Apt. 791
Emilyport, AK 73053",(826)822-1806,-
Paul Brown,saundersjames@hotmail.com,"945 Walter Passage Apt. 783
Smithmouth, IA 74381",+1-805-340-8472x2785,-
Kirk Olson,christopher13@gmail.com,"506 Jeremy Greens
Robinville, KY 27228",4636056217,-
David White,paula85@hotmail.com,"58917 Jennifer Mountain
Alisonfurt, GA 30114",2297972708,-
Donald Hernandez,toni41@yahoo.com,"663 Alyssa Summit
North Chasestad, LA 08662",+1-711-736-7433x2597,-
Kathleen Diaz,barrettdouglas@gmail.com,"18269 Anne View
Jonesville, WA 28686",(502)573-7907x14989,-
Cathy Fitzpatrick,mcknightedwin@hotmail.com,"0794 Christopher Island
North Garymouth, WV 68531",001-443-971-5197x6122,-
